NIGP.Description,Total,SWaM_Likely,Likelihood
ABRASIVES,1,1,1.0
"Lifts and Hoists, Maintenance and Repair",22,22,1.0
"Milling Services: Asphalt, Grain, Cottonseed, Vegetable, Wood, etc.",9,9,1.0
Material Handling Equipment Maintenance and Repair,2,2,1.0
"Maintenance and Repair, Industrial Building",12,12,1.0
"Mailing Services (Includes, Addressing, Collating, Packaging, Sorting and Delivery)",40,40,1.0
Machinery and Heavy Hardware (Not Lawn Equipment) Maintenance and Repair,2,2,1.0
"Machine Shop and Fabricating Services, Industrial (See 928-54 for Automotive Type)",2,2,1.0
"Machine Repair Tools, Office",28,28,1.0
MISCELLANEOUS PRODUCTS (NOT OTHERWISE CLASSIFIED),4,4,1.0
"Lumber, Treated: Creosote, Penta, Wolmanized, etc.",1,1,1.0
Locks and Keys,1,1,1.0
"Lighting Fixtures, Indoor: All Kinds and Parts (Including Lampholders and Recycled Types)",1,1,1.0
AIR COMPRESSORS AND ACCESSORIES,14,14,1.0
Lifting and Loading Equipment and Accessories (Not Otherwise Classified),9,9,1.0
"Diagnostic Equipment, Electronic (Not Otherwise Itemized)",3,3,1.0
"Levels, Chalk Lines, Chalk Line Refills, etc.",1,1,1.0
Legal Books and Publications,1,1,1.0
"Laminating Presses, Film, ID Pouches, and Supplies",5,5,1.0
Laboratory and Field Testing Services (Not Otherwise Classified) Incl. Hazardous Waste,3,3,1.0
"Labels, Reinforcements, Seals, etc. (Not Printed); and Sealing Wax, Environmentally Certified Products",2,2,1.0
"LEATHER AND SHOE ACCESSORIES, EQUIPMENT, AND SUPPLIES",1,1,1.0
"Keyboard Dust Covers, Key Top Covers, Keyboard Drawers, Wrist Supports, etc.",7,7,1.0
Janitorial/Custodial Services,12,12,1.0
"Jacks, Industrial: Hydraulic, Screw, and Track",1,1,1.0
Inspection and Certification Services,2,2,1.0
"Hose, General Purpose",1,1,1.0
"Hose and Hose Fittings: Brake, Heater, Radiator, Vacuum, Washer, Wiper, etc.",2,2,1.0
"Mineral Wool: Blankets, Blocks, Boards",1,1,1.0
Miscellaneous Brushes (Not Otherwise Classified),4,4,1.0
"Moisteners, Sanitary; and Rubber Finger Tips (Incl. Sheet Lifters)",10,10,1.0
"Monitors, Computerized and Wireless (Including Equipment Utilization, Engine/Driver Performance, Brakes, Lights, RPM, Temperature, etc.)",1,1,1.0
"Pads and Tablets: Analysis, Columnar, Figure, Memo, Note, Ruled, Post-It Notes, Telephone Message, etc.",83,83,1.0
"Pads and Covers, Office Machine, All Types",1,1,1.0
"Packing, Pump",2,2,1.0
"Packing Materials for Mailing and Shipping (Not Containers), Environmentally Certified Products",2,2,1.0
"Packing List Envelopes (Plastic and Paper), Self Adhesive",2,2,1.0
Packaging and Wrapping Services (Incl. Shrink Wrapping),3,3,1.0
PRINTING AND TYPESETTING SERVICES,1,1,1.0
PESTICIDES AND CHEMICALS: AGRICULTURAL AND INDUSTRIAL,12,12,1.0
"PAPER AND PLASTIC PRODUCTS, DISPOSABLE",8,8,1.0
"Ovens, Microwave and Convection (Household)",2,2,1.0
"Ovens, Convection and Microwave (Commercial)",2,2,1.0
"Oil, Wax (Paraffin)",1,1,1.0
Offset Paper (Including Recycled),2,2,1.0
"OFFICE SUPPLIES: ERASERS, INKS, LEADS, PENS, PENCILS, ETC.",5,5,1.0
"OFFICE SUPPLIES: CARBON PAPER AND RIBBONS, ALL TYPES",3,3,1.0
Nylon Twine,1,1,1.0
"Novelties and Advertising Specialty Products, Including Biodegradable",1,1,1.0
Notebooks and Spirals,2,2,1.0
Non-Professional Services (Not Otherwise Classified),68,68,1.0
Newsprint (Includiing Recycled),31,31,1.0
"Nails, Tacks, and Wire, Shoe",2,2,1.0
"Motors, Air Compressor",3,3,1.0
"Motors and Parts, Integral H.P., Three Phase, Electric (Incl. Remanufactured)",2,2,1.0
"Motors and Engines (Including Parts), Industrial, All Types (Not Automotive, Lawn or Marine)",5,5,1.0
"Motor Controllers, Contactors, Push Button Stations, Relays, Safety Switches, Starters, Coils and Brushes",4,4,1.0
Hooks,2,2,1.0
"Holders, Form and Memo (Including Spindles)",3,3,1.0
"Heaters, Electric (Baseboard Type) and Parts",1,1,1.0
Fabric Testing Apparatus,1,1,1.0
"FORMS, CONTINUOUS: COMPUTER PAPER, FORM LABELS, SNAP-OUT FORMS, AND FOLDERS FOR FORMS",1,1,1.0
"FLOOR MAINTENANCE MACHINES, PARTS, AND ACCESSORIES",4,4,1.0
"FLAGS, FLAG POLES, BANNERS, AND ACCESSORIES",1,1,1.0
FIRE PROTECTION EQUIPMENT AND SUPPLIES,2,2,1.0
"Envelopes: Clasp, String, etc.",8,8,1.0
"Engraving Machines (For Nameplates), Accessories, and Stock (Laminated)",2,2,1.0
"Engines And Motors, Industrial, Maintenance and Repair",2,2,1.0
Embossing Machines and Labeling Machines and Tapes,4,4,1.0
"Elements, Primary (Flow, Pressure, Temperature, etc.)",2,2,1.0
"Electrodes, Grounding Pads, Lead Wires, and Electrode Gel (For Monitoring Devices), Disposable",1,1,1.0
"Electrical Accessories: Alternators, Ammeters, Distributors, Generators, Regulators, Starters, etc.",1,1,1.0
"Electrical (Alternator/Generator, Battery, Ignition System, Lights, etc.) Maintenance and Repair",3,3,1.0
EQUIPMENT MAINTENANCE AND REPAIR SERVICES FOR GENERAL EQUIPMENT,32,32,1.0
"EQUIPMENT MAINTENANCE AND REPAIR SERVICES FOR AGRICULTURAL, CONSTRUCTION, HEAVY INDUSTRIAL, MATERIAL HANDLING, AND ROAD AND HIGHWAY EQUIPMENT",9,9,1.0
ENVIRONMENTAL AND ECOLOGICAL SERVICES,1,1,1.0
"ENVELOPES, PLAIN (SEE CLASSES 525, 615, 640, 655, 665, AND 966 FOR OTHER TYPES)",1,1,1.0
ELECTRICAL EQUIPMENT AND SUPPLIES (EXCEPT CABLE AND WIRE),1,1,1.0
ELECTRICAL CABLES AND WIRES (NOT ELECTRONIC),1,1,1.0
"Duplicators, DVD, CD, Hard Drives, etc.",1,1,1.0
Duplicator and Mimeograph Paper (Including Recycled),1,1,1.0
Duffle and Tote Bags,4,4,1.0
"Duct, Fabricated, Metal",2,2,1.0
Drum and Other Container Handling Equipment (Not Otherwise Classified),1,1,1.0
"Drop Cloths, Hoods and Mitts, Painter's",1,1,1.0
"Drills, Stationary, Electric Powered: Arbor, Press, etc.",1,1,1.0
"Fabric Drills, All Types",1,1,1.0
"Fabrics, Coated and Impregnated (Not Ticking)",1,1,1.0
Hazardous Environment Clothing,1,1,1.0
"Fans, Room Type, Ceiling and Portable Type (Stationary and Oscillating)",1,1,1.0
"HVAC Equipment, Accessories and Supplies (Not Otherwise Classified)",1,1,1.0
"HAND TOOLS (POWERED AND NON-POWERED), ACCESSORIES AND SUPPLIES",36,36,1.0
"Grounds Maintenance: Mowing, Edging, Plant (Not Tree) Trimming, etc.",3,3,1.0
Grass Seeds,1,1,1.0
"Graphic Supplies for Plotters and Printer Plotters: Inks, Pens, Penholders, Chemicals, Paper, etc., Environmentally Certified Products",5,5,1.0
"Graphic Supplies for Plotters and Printer Plotters: Inks, Pens, Penholders, Chemicals, Paper, etc.",2,2,1.0
"Gloves, Neoprene and Rubber (All Types)",2,2,1.0
"Gloves, Cowhide/Leather (All Types)",1,1,1.0
"Gaskets: Flange, Handhole and Manhole, All Types",1,1,1.0
"Gaskets and Gasket Material, Automotive",4,4,1.0
Gaskets and Felts,1,1,1.0
"Garbage Cans, Containers and Racks",2,2,1.0
"Foam Plastics: Blocks, Boards, Sheets, etc.",3,3,1.0
"Flaps and O-Rings, Tire",1,1,1.0
"Filter Coating, Adhesive, Coil Cleaners, Degreasing Solvents, etc.",1,1,1.0
"Film, Photographic (Including Movie Films and Polaroid Type)",1,1,1.0
"Fillers and Sealers, Wood: Paste, Plastic Wood, Sanding Sealers, etc., Environmentally Certified Products",1,1,1.0
"Fillers and Sealers, Wood: Paste, Plastic Wood, Sanding Sealers, etc.",62,62,1.0
"File Folders: Expanding Envelopes, Wallets, etc.",17,17,1.0
"File Folders, Regular, Legal and Letter Sizes, Environmentally Certified Products",1,1,1.0
"File Folders, Regular, Legal and Letter Sizes",24,24,1.0
"File Folders, Hanging Type; and Accessories",6,6,1.0
"File Dividers, Labels, Tabs, etc.",4,4,1.0
"File Cards, Blank and Ruled",2,2,1.0
"Fax Machines, Parts and Supplies (See Class 726 for Industrial Type and Class 645 for Paper)",1,1,1.0
"Pads and Tablets: Analysis, Columnar, Figure, Memo, Note, Ruled, Post-It Notes, Telephone Message, etc. , Environmentally Certified Products",2,2,1.0
"Pads, Furniture, Protective and Moving",2,2,1.0
"Pads, Heating, Standard Type",1,1,1.0
"Text Paper (Including Recycled), Environmentally Certified Products",6,6,1.0
Telephone Equipment Parts and Accessories (Not Otherwise Classified),2,2,1.0
"Tapes, Tape Cartridges, Tape Cassettes, Tape Reels, Tape Labels, etc.",1,1,1.0
"Tape, Wood, All Kinds",2,2,1.0
"Tape, Polypropylene",1,1,1.0
"Tape, Masking",6,6,1.0
"Tape, Gummed Kraft and Reinforced Paper",11,11,1.0
"Tape, Duct, Adhesive Type",8,8,1.0
"Tape and Dispensers, Office Type, Environmentally Certified Products",2,2,1.0
"Tape and Dispensers, Office Type",10,10,1.0
Tape (Not Otherwise Classified),18,18,1.0
"TAPE (NOT DATA PROCESSING, MEASURING, OPTICAL, SEWING, SOUND, OR VIDEO)",9,9,1.0
Swivels and Swivel Joints,1,1,1.0
"Support Services, Management",6,6,1.0
Suction and Discharge Hose and Fittings,1,1,1.0
"Strapping, Seals, Banding and Tools and Equipment",5,5,1.0
"Stenciling Supplies: Brushes, Inks, etc.",14,14,1.0
"Steel, Galvanized: Bars, Pipes (Not Plumbing), Plates, Rods, Sheets, Strips, etc.",2,2,1.0
"Stapling Machines and Parts, Manual",7,7,1.0
Staple Removers,3,3,1.0
"Squeegees, Sponges, and Scrubbing Pads (For Manual Hard Surface Cleaning), Environmentally Certified Products",1,1,1.0
"Springs, Leaves, Suspensions, etc. (Incl. Sway Bars)",1,1,1.0
"Sprayer Components and Accessories: Guns, Hoses, Pots, Regulators, Tanks, etc.",14,14,1.0
"Spray Booths and Accessories, Paint",1,1,1.0
"Specialty Printing: Die Cutting, Laser, Plastic, Thermography, etc. (Folders, Invitations, Tabs, Binders, etc.)",43,43,1.0
"Sleeves, CD/DVD",1,1,1.0
Text Paper (Including Recycled),12,12,1.0
"Tires and Tubes, Industrial",2,2,1.0
Silk Screen Process Supplies,26,26,1.0
"Tires and Tubes, Misc. (Not Otherwise Listed)",7,7,1.0
"Wrapping Paper, Brown Kraft Paper, etc., Environmentally Certified Products",3,3,1.0
"Wrapping Paper, Brown Kraft Paper, etc.",5,5,1.0
Wheel and Axle Assemblies,1,1,1.0
Welding Equipment Maintenance and Repair,1,1,1.0
"Welding Electrodes, Flux, Rods, Wire, and Soldering Compounds",2,2,1.0
"Welding Accessories: Cutting Tips, Hammers, Hose, Inspection Shields, Lighters, Lighter Flints, Soapstone, Tip Cleaner, Tip Dip, etc.",3,3,1.0
"Welder/Soldering Unit, Refrigeration/Plumber Type, Single Tank, Complete",1,1,1.0
"Water, Drinking (Incl. Distilled, Mineral, Sparkling and Spring)",2,2,1.0
"Washers, Steel",29,29,1.0
"Warehouse Type Doors (Impact, PVC Strip, etc.)",2,2,1.0
"Wall Clocks, Battery",4,4,1.0
"Vehicle Inspection and Testing Services (Emissions, etc.)",1,1,1.0
"Vacuum System, Central, Including Filters, Parts and Accessories",1,1,1.0
"Vacuum Cleaners, Electric (Including Parts and Accessories)",4,4,1.0
Upholstery Tools,6,6,1.0
"Upholstery Supplies: Beading, Burlap, Buttons, Padding, Springs, Tacks, Thread, Welt Cord, etc.",1,1,1.0
Uninterruptible Power Supplies,1,1,1.0
"Uncoated Paper (Not Otherwise Classified), Environmentally Certified Products",15,15,1.0
Uncoated Paper (Not Otherwise Classified),7,7,1.0
"Typewriters, Electronic, Accessories and Parts",1,1,1.0
"Trucks, Lift, Powered: Fork Lifts, etc.",1,1,1.0
"Travel, Local (Provided by Third Party)",3,3,1.0
"Transmitters, Pressure",1,1,1.0
"Transformers, Power Distribution (Including Fluid Filled, Pad and Pole Mount)",1,1,1.0
"Tools and Accessories, Electricians' and Lineman's (Including Cable Fault Locators, Cable Pullers, Press Boosters and Heads, Hotsticks, Testing Equip. Wire Crimping Tools, etc.) (See 285-30 for Dielectric Tools)",5,5,1.0
"Sirens, Horns and Back-up Alarms",3,3,1.0
Silk Screen Printing,54,54,1.0
"Pails, Buckets, Tubs, etc. (See 450-34 and 450-87 for Other Types)",1,1,1.0
"Reel Assembly, Cable, Vehicle Mounted",1,1,1.0
"Recycled Paper, Plastic, and Styrofoam Products (Disposable Type) (Incl. Wax Paper, Aluminum Foil and Cellophane), Environmentally Certified Products",4,4,1.0
"Recycled Flags, Banners, and Accessories",3,3,1.0
Recycled Epoxy Based Formulations,4,4,1.0
Recycled Carbon Paper,2,2,1.0
"Recycled Broom, Brush and Mop Supplies",1,1,1.0
"Rainwear (Raincoats, Hats, Slicker Suits, Storm Suits, Umbrellas, etc.)",4,4,1.0
"Putty: Lacquer, Plumbers, Tape",1,1,1.0
"Punches, Paper, Manual",1,1,1.0
Pumps and Pump Accessories Maintenance and Repair,2,2,1.0
"Printers, Mainframe Computer (Not Otherwise Classified)",1,1,1.0
Print-On-Demand Printing Services (Including Print and Distribute Services),54,54,1.0
"Power Supplies: Surge Protectors, Uninterruptible Power Supplies, Switches, etc., Environmentally Certified Products",1,1,1.0
"Power Supplies, Generating",2,2,1.0
"Pins, Rolling",1,1,1.0
Pesticides,1,1,1.0
"Personnel Services, Temporary",73,73,1.0
"Pencils, Marking (Not Grease or China Types)",8,8,1.0
"Pencil Sharpeners, Electric and Battery Operated",4,4,1.0
"Parts and Accessories, Automotive, Miscellaneous (Not Otherwise Classified)",1,1,1.0
Parts Washing Equipment Including Air Agitated and Pump Agitated (Also See 075-19),1,1,1.0
"Particleboard, All Types",1,1,1.0
"Paper, Chemicals, and Supplies (For Coated or Treated Paper Type Copying Machines) (See 305-39 for Diazo Process Copy Machines)",18,18,1.0
"Paper Clips, Clamps, Fasteners (Round and Flat Head), Dispensers, etc., Environmentally Certified Products",1,1,1.0
"Paper Clips, Clamps, Fasteners (Round and Flat Head), Dispensers, etc.",8,8,1.0
"Paint, Rust Preventative, Environmentally Certified Products",1,1,1.0
Recycling Services,1,1,1.0
"Reel and Hose Assemblies, Air and Water Dispensing",1,1,1.0
"Signs, Exit: LED, Lighted, etc.",1,1,1.0
Repair Kits (For Contactors),1,1,1.0
"Shredders, Paper and Media",1,1,1.0
Shoe Shine Brushes and Cloths,2,2,1.0
"Sheet Protectors, All Types",12,12,1.0
"Shears, Metal, Electric",3,3,1.0
"Shaft Couplings, Flexible and Rigid",1,1,1.0
Seals and O-Rings,11,11,1.0
"Sealers and Primers, Paint",1,1,1.0
"Screws, All Kinds (Not Otherwise Listed)",9,9,1.0
"Scissors and Shears, Office",1,1,1.0
"Sanitizer, Liquid (For elimination of Bacteria, Viruses and Fungi caused by contact with Food)",1,1,1.0
"Sanders, Bench or Portable: Belt, Disc, and Finishing",3,3,1.0
"Safes, Vaults, and Night Depository Boxes (Incl. Parts and Accessories)",1,1,1.0
"STEAM AND HOT WATER FITTINGS, ACCESSORIES, AND SUPPLIES",1,1,1.0
"Rulers, All Types (For Drafting See Class 305-35), Environmentally Certified Products",1,1,1.0
"Rulers, All Types (For Drafting See Class 305-35)",5,5,1.0
Rug and Carpet Shampoo and Spot Remover (Including Deodorizers),1,1,1.0
"Rubber Stamps, Stamp Pads, Stamp Pad Ink and Stamp Racks",13,13,1.0
"Rubber Bands, All Sizes",21,21,1.0
"Rotary Pumps, Gear or Roller Type, Power Driven",1,1,1.0
"Rope Slings, Halyards and Lanyards (See 765-93 for Wire Rope)",1,1,1.0
"Roller and Needle Bearings and Parts, Straight",7,7,1.0
"Ribbons: Check Machine, Time Clock, Time Machine, and Recorder",5,5,1.0
"Ribbons, Typewriter and Word Processing, Film",1,1,1.0
"Replacement and Component Parts: Capacitors, Chokes, Coils, Panel Meters, Potentiometers, Relays, Resistors, Solenoids, Transistors, Transformers, etc.",2,2,1.0
"Replacement Parts for other than Chrysler, Ford, General Motors, and International Harvester",2,2,1.0
"Drawing and Painting Supplies: Brushes, Canvas, Chalk, Colors (Acrylic, Oil, Water, etc.), Crayons, Palettes, Paper and Pads, Staples, etc.",8,8,1.0
Lighting Fixtures Maintenance and Repair,1,1,1.0
Bindery Supplies,40,40,1.0
Coated Paper (Not Otherwise Classified) (Including Recycled),2,2,1.0
"Coffeemakers, Hot Water Dispensers, Urn Bags and Filters",2,2,1.0
Counting Scales,1,1,1.0
"Coffeemakers, All Types (Household)",1,1,1.0
Adhesive Removers,1,1,1.0
Adding Machine and Calculator Paper (Rolls),3,3,1.0
"Banners, Pennants, and Decorative Fans, Drapes, and Pull Downs",1,1,1.0
"Coatings, Protective (For Wood)",3,3,1.0
Covers and Cover Cloths,1,1,1.0
"Coated Paper (Not Otherwise Classified) (Including Recycled), Environmentally Certified Products",9,9,1.0
"Covers, Sleeve (Cuffettes)",1,1,1.0
"Bags: Nylon, Polyester, Polypropylene",2,2,1.0
"Covers: Brief, Manuscript, Pressboard, Report, etc.",7,7,1.0
"Clipboards, Arch Boards, etc.",6,6,1.0
Belt Filter Press and Parts,1,1,1.0
Belts and Suspenders,1,1,1.0
Binders and Documentation Folders For Continuous Forms (Incl. Self-Mailers),1,1,1.0
"Binders, Covers, Jackets, Protectors, Sticks, etc. (For Books, Magazines, Newspapers, Pamphlets, Photographs, etc.)",1,1,1.0
"Chipboard, Pasteboard, and Telescoping Boxes, Environmentally Certified Products",2,2,1.0
"Chemicals, Inks, and Supplies (For Mimeograph Machines)",14,14,1.0
"Binders: Chain, Post, Prong, Ring, etc. , Environmentally Certified Products",5,5,1.0
Balances and Accessories,1,1,1.0
"Bags, Padded: Book Mailing, Shipping, etc., Including Biodegradable",2,2,1.0
"Binding Equipment and Supplies, Book (Not Otherwise Classified)",1,1,1.0
"Correction Fluid, Sheets and Tape, Including Thinners (For Typewriter Correction Tape See 610-96)",26,26,1.0
Adhesives: Rubber and Silicone,1,1,1.0
Air Circulation Equipment (Not Otherwise Classified),2,2,1.0
"Copy Machines, Bond (Plain) Paper Type Including Parts and Accessories",3,3,1.0
"Air Compressors and Accessories, Maintenance and Repair",3,3,1.0
Copy Machine Add-On Accessories,1,1,1.0
"Air Powered Shop Tools, Regulators, and Parts",1,1,1.0
"Adhesives, Bonding Agents and Cement Antifreeze",1,1,1.0
"Copyholders, Mechanical, Adjustable",1,1,1.0
"Containers, Paper and Plastic, Environmentally Certified Products",1,1,1.0
"Containers, Cylindrical, Cardboard (Not Mailing Type), Environmentally Certified Products",1,1,1.0
BOOKBINDING SUPPLIES,5,5,1.0
"Appliance, Fixture, and Portable Cables and Wires (Up to 600V): Types S, SJ, SJO, SO, SPT, TF, TFF, etc.",1,1,1.0
"Containers, All Kinds (Including Recycling Collection Containers) Rental or Lease",1,1,1.0
Attache Cases,1,1,1.0
Automotive and Road Equipment Testing and Calibration Services,1,1,1.0
BELTS AND BELTING: AUTOMOTIVE AND INDUSTRIAL,1,1,1.0
"Computer Accessories (Not Otherwise Classified) Rental or Lease: CRT Holders, Forms Tractors, Wrist Supports, etc.",1,1,1.0
"Counteractant and Degreaser, Odor",3,3,1.0
"Counters, Mechanical: Tally, etc.",1,1,1.0
BOOKBINDING AND REPAIRING SERVICES,1,1,1.0
"Copy Paper - Specialized High Speed (Included Recycled), Environmentally Certified Products",2,2,1.0
Copy Paper - Specialized High Speed (Included Recycled),12,12,1.0
"Data Processing Office Furniture, Wood (Not Storage Cabinets -See Item 87)",1,1,1.0
AUTOMOTIVE AND TRAILER EQUIPMENT AND PARTS,2,2,1.0
"Data Entry and Remote Job Entry Devices, Voice Activated: Voice Recognition, Voice Digitization, Speech Synthesizers, etc.",2,2,1.0
"Calendars, Calendar Pads and Stands",1,1,1.0
"Chemicals and Supplies, Dry (For Bond Paper Type Copying Machines)",19,19,1.0
Date and Time Machines and Parts,1,1,1.0
"Calculators, Electronic, Display/Printing Type, Programmable (See 305-06 for Surveying Type)",4,4,1.0
"Bulletin Boards: Changeable Letter, Cork, Magnetic, Peg, etc.",1,1,1.0
"Decals, Heat Transfer",15,15,1.0
"Decals, Pressure Sensitive Adhesive",3,3,1.0
"Calculators, Electronic, Display/Printing Type, Non-Programmable",2,2,1.0
Border Foam,3,3,1.0
"Blades: Handsaw, (Powered) Circular, and Reciprocating (For Powered and Non-Powered Portable Saws)",6,6,1.0
"Desks and Tables, Metal",1,1,1.0
COMPUTER SOFTWARE FOR MICROCOMPUTERS (PREPROGRAMMED),1,1,1.0
COMPUTER HARDWARE AND PERIPHERALS FOR MINI AND MAIN FRAME COMPUTERS,2,2,1.0
"Bolts, Steel",43,43,1.0
Bond Paper (Including Recycled),268,268,1.0
"Buoys, Marker",1,1,1.0
"Bookbinding Services, Perfect (Paperback Book Type)",9,9,1.0
AUTOMOTIVE SHOP AND RELATED EQUIPMENT AND SUPPLIES,1,1,1.0
"Brakes, Repairs, and Replacements (Not Electric Controller)",6,6,1.0
"Dampers, Motorized",1,1,1.0
"Blades, Gouges, Knives, Needle Files, Routers, etc.",6,6,1.0
"Accessories: Dressing, Hooks, Laces, etc.",1,1,1.0
"Chalk, Crayons, Erasable Markers, Water Colors, Permanent Markers (Child Proof Safety Type), etc.",7,7,1.0
"Credit Card, Charge Card Services",2,2,1.0
Brush Manufacturing Machinery and Parts,1,1,1.0
"Bindings, Comb Type, Plastic",24,24,1.0
"Blackboards, Chalkboards and Dry Erase Boards",3,3,1.0
"AIR CONDITIONING, HEATING, AND VENTILATING EQUIPMENT, PARTS AND ACCESSORIES (SEE CLASS 740 ALSO)",2,2,1.0
"Cards, Tabulating, Special (For Automatic and Manual Data Processing Systems)",1,1,1.0
Card Stock (Incl. Recycled),4,4,1.0
DATA PROCESSING CARDS AND PAPER,1,1,1.0
"Blade Maintenance and Repair, Electric Power Generator",26,26,1.0
"DATA PROCESSING, COMPUTER, PROGRAMMING, AND SOFTWARE SERVICES",3,3,1.0
"Carbonless Paper (Chemical Transfer) (Including Recycled), Environmentally Certified Products",2,2,1.0
Carbonless Paper (Chemical Transfer) (Including Recycled),1,1,1.0
"AUTOMOTIVE ACCESSORIES FOR AUTOMOBILES, BUSES, TRAILERS, TRUCKS, ETC.",6,6,1.0
"Butane and Propane Tanks, Transport Truck Type",3,3,1.0
Mailing Tubes and Storage Tubes,244,243,0.9959016393442623
"PAPER, FOR OFFICE AND PRINT SHOP USE",226,225,0.995575221238938
Packing Materials for Mailing and Shipping (Not Containers),48,47,0.9791666666666666
"Paper Trimmers, Hand, Rotary Type",35,34,0.9714285714285714
"Roofing, Gutters, and Downspouts Maintenance and Repair",235,228,0.9702127659574468
"EQUIPMENT MAINTENANCE AND REPAIR SERVICES FOR AUTOMOBILES, TRUCKS, TRAILERS, TRANSIT BUSES AND OTHER VEHICLES",85,82,0.9647058823529412
"Tape, Cellulose: Drafting, Labeling, etc.",19,18,0.9473684210526315
Staples,19,18,0.9473684210526315
"Nuts, Steel (Including Nutserts)",30,28,0.9333333333333333
"Nails, Brads, Concrete Nails, Masonry Nails, Spikes, Staples, Tacks, etc. (See 559-79 for Railroad Track Spikes)",15,14,0.9333333333333333
"Labels, Reinforcements, Seals, etc. (Not Printed); and Sealing Wax",37,34,0.918918918918919
"Screws: Coach, Drywall, Eye, Lag, Phillips, Set, Thumb, etc.",116,106,0.9137931034482759
"Envelopes, Plain, Stock Sizes",10,9,0.9
"Sprockets and Gears (Roller Chain, Engineering, Split, Table Top, Plastic, Spur, Bevel, Helical, Rack and Pinion Gearing)",9,8,0.8888888888888888
"Printing Accessories and Supplies (Incl. Electrostatic Types): Blankets, Chemicals, Gum, Inks, Mats, Negatives, Plates, Roller Covers, Rubber Rejuvenators, Sleeves, etc. (See  700-30 for Graphic Art Supplies)",306,271,0.8856209150326797
"Maintenance and Repair, Non-Residential Building",52,46,0.8846153846153846
Offset Printing (Duplicating and Lithographing) Machines and Equipment (Smaller than 17 In. by 22 In.),16,14,0.875
"Tape, Vinyl",7,6,0.8571428571428571
HARDWARE AND RELATED ITEMS,27,23,0.8518518518518519
"Desk Accessories: Alphabetizers, Cash Boxes, Desk Files, File Card Cabinets, Letter Sorters, Message Racks, etc. (See 620-10 for Desk Sets)",13,11,0.8461538461538461
"Peripherals, Miscellaneous: Joy Sticks, Graphic Digitizers, Light Pens, Mice, Pen Pads, Trackballs, Secure I.D. Access Cards, Headsets and Microphones, etc.",6,5,0.8333333333333334
"Time Clocks and Recorders, Accessories, and Parts",6,5,0.8333333333333334
Shrink Film Packaging Equipment and Supplies,24,20,0.8333333333333334
"Binders: Chain, Post, Prong, Ring, etc.",11,9,0.8181818181818182
"Printer Accessories and Supplies: Chemicals, Forms Tractors, Inks and Cartridges, Paper, Label Sheets, Sheet Feeders, Toner Cartridges, Wheels, etc.",55,45,0.8181818181818182
"OFFICE SUPPLIES, GENERAL, ENVIRONMENTALLY CERTIFIED BY AN AGENCY ACCEPTED CERTIFICATION ENTITY",52,42,0.8076923076923077
Label Dispensing Machines and Accessories (For Continuous Form Labels),5,4,0.8
"Fiberboard, Medium Density (MDF)",5,4,0.8
"Flashlights and Lanterns (See 450-15 for Fuel Types), Battery Type",5,4,0.8
PRINTING PLANT EQUIPMENT AND SUPPLIES (EXCEPT PAPER),9,7,0.7777777777777778
"Adhesives, Compounds, Glues, Pastes, Glue Pots, and Containers",18,14,0.7777777777777778
"Envelopes, Shipping and Mailing",9,7,0.7777777777777778
Butane and Propane (Including Liquefied Petroleum Gas),76,59,0.7763157894736842
"Bandages (All Types), Adhesive Tapes, Dressings, Plaster of Paris, and Surgical Gauze (Including Casts)",4,3,0.75
"Printer Accessories and Supplies: Chemicals, Forms Tractors, Inks and Cartridges, Paper, Label Sheets, Sheet Feeders, Toner Cartridges, Wheels, etc., Environmentally Certified Products",58,43,0.7413793103448276
"Industrial and Construction Machinery, Equipment, Components and Parts (Not Otherwise Classified)",33,24,0.7272727272727273
"Tool Holders (Collets, etc.)(See 445-45 for Tool Pouches)",3,2,0.6666666666666666
"Laminates, Polycarbonate: Ballistic, Break-Resistant and Forced Entry Types",3,2,0.6666666666666666
"Bottles, Plastic (For Cleaners, Detergents, and Janitorial Supplies)",3,2,0.6666666666666666
"Pallets and Skids (Metal, Plastic, Wood)",3,2,0.6666666666666666
"Envelopes, Recycled Paper",3,2,0.6666666666666666
"Filters: Air, Fuel, Oil, etc.",3,2,0.6666666666666666
"Personal Protective Equipment (PPE), (Blood Borne Pathogen Protection), Not Listed Elsewhere",3,2,0.6666666666666666
"Fees, Credit Card",17,11,0.6470588235294118
"OFFICE SUPPLIES, GENERAL",96,61,0.6354166666666666
Printing Plant and Bindery Equipment Maintenance and Repair  (Incl. Graphic Arts Equipment),5,3,0.6
"Printers, Laser",10,6,0.6
"Fastening Tools: Nailing Machines, Staplers, Tackers, etc.",10,6,0.6
"Paint, Spray (Aerosol)",5,3,0.6
Markers and Inks,22,13,0.5909090909090909
"Lumber, Softwood (SPF)",85,50,0.5882352941176471
"Hardware Accessories: Mounts, Patches, Plates, Seats, Shoes, Stays, etc.",14,8,0.5714285714285714
MANUFACTURING COMPONENTS AND SUPPLIES,7,4,0.5714285714285714
"OPTICAL EQUIPMENT, ACCESSORIES, AND SUPPLIES",39,22,0.5641025641025641
Document Shredding Services,4,2,0.5
"Lubricants, Industrial Type  (Incl. Biodegradable Type)",2,1,0.5
Multi-Function Office Machine Maintenance and Repair,2,1,0.5
"Fire Protection Equipment and Systems Including Fire Hydrants, Fire Sprinkler Systems, Smoke Detectors, Jaws of Life, Fire Protection Material Treatment, etc. Maintenance and Repair",2,1,0.5
Cutting Boards,2,1,0.5
"Conveyors, Belt Type: Canvas, Metal, and Rubber",4,2,0.5
Hardware and Related Items (Not Otherwise Classified),2,1,0.5
"Tape, Cloth, Mending",2,1,0.5
"Filters, Air Gauges and Valves, Pressure Regulators, Shock Mounts, etc.",4,2,0.5
"Thread, Shoe Stitching",10,5,0.5
Oils and Lubricants for Special/Severe Service,2,1,0.5
"Guns, Heat",2,1,0.5
"Cords and Ropes Including Accessories: Cotton, Manila, Nylon, Sisal, etc.",8,4,0.5
"Lumber, Hardwood, All Kinds",389,186,0.4781491002570694
"Anchors, Expansion Shields, Molly Bolts, Plugs, Toggle Bolts, U-Bolts, etc.",52,24,0.46153846153846156
Transportation of Goods and Other Freight Services,638,262,0.4106583072100313
"Mailing, Packaging, and Shipping Machines (Including Packaging Material Dispensing Machines)",5,2,0.4
"Dispensers: Cup, Dish, Silverware, Tray, etc.",5,2,0.4
"Drafting Supplies: Brushes (Dust and Wash), Cleaning Pads and Power, Paper Shears, Paper Weights, Steel Erasers, Transparent Protective Film and Tape, etc. , Environmentally Certified Products",8,3,0.375
"Embroidery Machines, Accessories and Supplies",91,33,0.3626373626373626
"Needles, Pins, Thimbles, etc.",14,5,0.35714285714285715
"FASTENERS: BOLTS, NUTS, PINS, RIVETS, SCREWS, ETC. (INCL. PACKAGING, STRAPPING AND TYING EQUIPMENT AND SUPPLIES)",6,2,0.3333333333333333
Laundry and Linen Service,6,2,0.3333333333333333
"FUEL, OIL, GREASE AND LUBRICANTS",3,1,0.3333333333333333
Optical Equipment Maintenance and Repair,3,1,0.3333333333333333
Communications Marketing Services,3,1,0.3333333333333333
Software Maintenance/Support,6,2,0.3333333333333333
"Sewing Machines and Accessories, Heavy Duty (Except Shoe Stitching)",9,3,0.3333333333333333
"Sheet Vinyl, Non-Cushioned",3,1,0.3333333333333333
"Leather Preparation, Repairing and Working Equipment",28,9,0.32142857142857145
"Repair Equipment, Electronic: Cleaning, Desoldering, Soldering, etc.",19,6,0.3157894736842105
"Shipping Boxes, Chick",13,4,0.3076923076923077
Files and Rasps,7,2,0.2857142857142857
"Hasps, Hinges, Hooks, Knobs, Latches, Pulls, Shelf Brackets, Swivels, etc.",344,92,0.26744186046511625
"Operating and Examining Apparel, Disposable: Capes, Caps, Examination Paper, Gowns, Masks, etc.",4,1,0.25
Acrylic Sheets (Methyl Methacrylate) (Plexiglass),4,1,0.25
"LAUNDRY AND DRY CLEANING EQUIPMENT, ACCESSORIES AND SUPPLIES, COMMERCIAL",12,3,0.25
Fees (Not Otherwise Classified),4,1,0.25
"Valves and Valve Parts, Miscellaneous",4,1,0.25
"General Maintenance and Repair, Vehicle (Not Otherwise Classified), to Include Oil Changes, Lubrication, Guaranteed Maintenance Programs, etc. (See 928-88 for Tune-Ups)",4,1,0.25
"Springs, Coil and Leaf (Industrial)",8,2,0.25
"Bins, Cabinets, and Shelves, Other than Metal or Wood (Not Office Type)",4,1,0.25
"Casters, All Types",45,10,0.2222222222222222
"Wiping Rags, All Types: Cotton Towels, Lightweight Blankets, Muslins, Synthetics, etc.",18,4,0.2222222222222222
"V-Belts, Industrial",5,1,0.2
"Labels, Fabric, All Kinds",21,4,0.19047619047619047
"Tags: Luggage, Security, Identification",11,2,0.18181818181818182
"Desks and Tables, Wood",74,13,0.17567567567567569
"Boxes and Retention Packaging (Not Otherwise Classified), Environmentally Certified Products",12,2,0.16666666666666666
Hydraulic Hose and Fittings (See 285-30 for Dielectric Hose and Fittings),6,1,0.16666666666666666
"Steel, Mild: Bars, Plates, Rods, Sheets, Strips, Tubes, etc.",216,33,0.1527777777777778
"Filters: Air, Fuel, Oil, Power Steering, Transmission and Water, and PCV Valves",11,1,0.09090909090909091
"RAGS, SHOP TOWELS, AND WIPING CLOTHS",23,2,0.08695652173913043
"Sewing, Embroidery, Embossing, and Alteration Services",62,5,0.08064516129032258
"Millwork: Counters, Custom-Made Cabinets, Shelves, Stairs, etc.",337,21,0.06231454005934718
"Thread, Sewing, Commercial (Not Shoe Stitching)",141,8,0.05673758865248227
"Silk Screened Shirts, Jackets, Hats, etc.",439,22,0.05011389521640091
"Souvenirs: Promotional, Advertising, etc.",20,1,0.05
"Scissors, Shears and Tweezers",45,2,0.044444444444444446
SEWING ANDTEXTILE MACHINERY AND ACCESSORIES,521,22,0.04222648752399232
Sewing Room and Textile Machinery Maintenance and Repair,35,1,0.02857142857142857
Cheesecloth,763,19,0.02490170380078637
Furnishings (Not Otherwise Classified),239,5,0.02092050209205021
"Chemicals, Bulk (Not Otherwise Itemized)",565,8,0.01415929203539823
WELDING EQUIPMENT AND SUPPLIES,94,1,0.010638297872340425
"Sewing Machines and Accessories, Domestic",192,1,0.005208333333333333
Corrugated Boxes and Sheets (Including Fillers),194,1,0.005154639175257732
"Household Furniture, General Line",864,4,0.004629629629629629
"Signs, Electronic Display (Marquee, etc.)",339,1,0.0029498525073746312
"OFFICE MACHINES, EQUIPMENT, AND ACCESSORIES",3647,6,0.0016451878256100905
"Water, Potable (See 390-91 for Bottled Water)",8,0,0.0
"Booster or Circulating Pumps, In-Line",3,0,0.0
"Boxes, Suggestion Type",1,0,0.0
"Raw Materials, Paper (Pulp, etc.)",10,0,0.0
Boxes and Retention Packaging (Not Otherwise Classified),1,0,0.0
"SIGNS, SIGN MATERIALS, SIGN MAKING EQUIPMENT, AND RELATED SUPPLIES",2,0,0.0
"Recycled Computer Paper, Continuous Forms, Form Labels, Snap-Out Forms, Binders, Folders, etc.",2,0,0.0
Waste Management Services,1,0,0.0
Wood Burning and Wood Carving Tools and Supplies,1,0,0.0
Reflective Safety Apparel and Accessories (See 345-08 for Non-Reflective Type),1,0,0.0
Waste Receptacles and Dust Pans,1,0,0.0
"Recycled Rags, Shop Towels and Wiping Cloths",44,0,0.0
"Rules, Squares, and Tapes (Carpenter, etc.)",5,0,0.0
"Wiring Devices: Adapters, Caps, Connectors, Extension Cords, Fluorescent and HP Starters, Outlets, Plates and Covers, Plugs, Receptacles, Safety Cord Lock, Switches, Terminals, etc. (Incl. Recycled Electrical Products, Supplies)",34,0,0.0
Reducers,1,0,0.0
"Wire, Hand",4,0,0.0
"Brakes, Electric Controller",1,0,0.0
"Wood and Lumber Products, Scrap or Waste",13,0,0.0
"Purses, Wallets, Key Cases, etc.",10,0,0.0
Warranties,1,0,0.0
"Precision Linear Measuring Instruments: Calipers and Vernier Calipers, Dry Film Thickness Gauges, Dial And Standard Micrometers, etc.",3,0,0.0
"Saws, Hand, Portable (Powered)",1,0,0.0
"Pressure Controllers, Indicators, and Recorders",4,0,0.0
"Accounting/Financial: Bookkeeping, Billing and Invoicing, Budgeting, Payroll, Taxes, etc.",1,0,0.0
"Wrenches, All Kinds (Including Sockets)",36,0,0.0
"Brooms, Brushes, and Handles",14,0,0.0
"Prosthodontic Equipment: Articulators, Casting Units, Frames, Impression Trays, Soldering Units, etc.",14,0,0.0
"Punches, Etchers, Marking Tools, Nail Sets, Scratch Awls, etc.",14,0,0.0
"Washers and Dryers, Residential Type",1,0,0.0
"Publications Printed on Newsprint or Groundwood Paper Stock (Quan. up to 100,000)",7,0,0.0
Broaching Machines and Tools,1,0,0.0
"Saddles, Sleeves, Straps",2,0,0.0
"Pumps, Drum",1,0,0.0
"Pumps, Vacuum and Pressure/Vacuum",1,0,0.0
Wire and Cable (Not Otherwise Classified),4,0,0.0
Refrigerators and Freezers,1,0,0.0
"Rollers, Paint Can Holders, Trays and Accessories",4,0,0.0
"Water Filters and Filter Elements (Except Boiler, Photographic Darkroom, and Swimming Pool): Cartridges, etc.",5,0,0.0
"Bits, Dies, Reamers, Taps, etc. (For Stationary Power Tools)",81,0,0.0
"Wheels, Industrial, Steel, Pneumatic, and Rubber Tired Molded-on",1,0,0.0
"Saws, Stationary, Powered: Band, Bench, Electric, Scroll, Radial Arm, Table, Veneer, etc. (See 755-65 for Concrete Saws)",5,0,0.0
"Water Hose and Fittings, High Pressure",3,0,0.0
"Welding and Industrial Gases: Acetylene, Argon, Carbon Dioxide, Oxygen, etc.",2,0,0.0
"Water Leak Detection System (Including Chemicals, Dyes and Supplies)",1,0,0.0
"Blades, Power Saw, Stationary: Circular and Reciprocating",21,0,0.0
Abrasive Equipment and Tools,7,0,0.0
Riot and Crowd Control Equipment (Not Otherwise Classified),1,0,0.0
Accessories (Not Otherwise Classified) Maintenance and Repair,1,0,0.0
"Abrasives, Coated: Cloth, Fiber, Sandpaper, etc.",63,0,0.0
"Rollers, Portable Type",1,0,0.0
"Rivets, All Types (Except Brake Lining Rivets)",2,0,0.0
"Abrasives, Solid: Wheels, Stones, etc.",2,0,0.0
Roller Taper Bearings and Parts,3,0,0.0
"Router, Air/Pneumatic",1,0,0.0
"Ribbons, Typewriter and Word Processing, Fabric",1,0,0.0
"Router, Electric",7,0,0.0
Biology Equipment and Supplies (Not Otherwise Classified),2,0,0.0
"Bins, Cabinets, and Shelves, Metal (Not Office Type)",1,0,0.0
"Windows, Frames, and Sashes, Vinyl or Plastic",1,0,0.0
"Refrigerators and Freezers, Commercial",2,0,0.0
Relays (Non-Electronic),4,0,0.0
"Relays, etc.",1,0,0.0
"Boards: Poster, Pressboard, Railroad, etc. (Including Recycled)",2,0,0.0
"Boards: Calendar, Schedule, Dispatch, Manning, etc.",2,0,0.0
Rubber (Not Recapping or Tire)(Including Structural Rubber Shapes),2,0,0.0
"Rubber Goods and Plumbing Specialties: Gaskets, Leathers, Seats, Washers, etc.",5,0,0.0
"Bits, Dies, Drivers, Reamers, Taps, etc. (For Hand Tools, Powered and Non-Powered)",33,0,0.0
"Resins (For Repair and Restoration): Acrylic, Epoxy, etc.",21,0,0.0
Respiratory Protection Equipment and Parts (Including CPAP Equipment and Parts),26,0,0.0
"Retarder, Plaster",1,0,0.0
"Ribbons, Teleprinter and Teletype, All Types",1,0,0.0
"Well Pumps, All Kinds",1,0,0.0
Tubing Fittings (Steel),1,0,0.0
"Screwdrivers, All Kinds",20,0,0.0
"Underground Cables and Wires, Solid and Stranded, Single and Multiconductor, Aluminum and Copper: Types UF, URD, USE, XLP, etc.",3,0,0.0
"Temperature Controllers, Indicators, and Recorders (Digital Thermometers, Pyrometers, etc.), and Accessories: Thermistors, Thermocouples, etc.",2,0,0.0
Applications Software (For Main Frame Systems),1,0,0.0
"Tees, Steel",5,0,0.0
Athletic Clothing,3,0,0.0
"Uniforms, Blended Fabric",24,0,0.0
"Tape, Thread, Teflon",4,0,0.0
Audiology Services (Including Hearing Aid Services),1,0,0.0
Adhesives and Sealants (Not Otherwise Classified),7,0,0.0
Unions,2,0,0.0
"Tape, Filament",1,0,0.0
"Adhesives and Applicators: Glue, Mucilage, Paste, etc.",4,0,0.0
"Tape, Electrical",9,0,0.0
"Tape, Detectable Marking",1,0,0.0
"Adhesive, General Purpose",4,0,0.0
"Baby Powder, Lotions, Oils and Creams",2,0,0.0
"Bags and Liners, Plastic: Garbage Can Liners, Janitor Cart Liners, Linen Hamper Liners, Litter Bags, Polyethylene Bags, etc., Including Biodegradable",89,0,0.0
TWINE AND STRING,1,0,0.0
"Bags, All Types, Sale of Surplus and Obsolete Items",1,0,0.0
"Synthetic Textile Fibers: Nylon, Polyethylene, Rayon, etc.",13,0,0.0
"Bags, Food Storage, Including Freezer Type, Environmentally Certified Products",3,0,0.0
"Switches, Parts and Accessories (Miscellaneous)",97,0,0.0
"Suspension (Axles, Springs, Steering, etc.) Maintenance and Repair",1,0,0.0
Surgical Support Supplies incl. Post-Surgery (Not Otherwise Classified),1,0,0.0
"Sundries, Dental: Articulating Paper and Tape, Cotton, Dental Care Kits, Denture Adhesives and Creams, Floss, Gauze Pads, Paper and Plastic Items, Sutures, Tubing, etc.",4,0,0.0
Sugar and Sweeteners,11,0,0.0
"Test (For Examination of Other Body Fluids, Wastes, etc., Not Otherwise Itemized)",1,0,0.0
"Test Equipment, Analog and Digital",1,0,0.0
Styrofoam Shapes and Foam Filler,4,0,0.0
Testing Services,2,0,0.0
Tubing (Not Otherwise Classified),3,0,0.0
"Trucks, Pallet, Hand Operated and Powered",2,0,0.0
"Tubing, Rubber, All Types",3,0,0.0
"Trucks, Hand, Two-Wheeled",2,0,0.0
"Trowels and Floats, All Kinds",1,0,0.0
"Adhesives: Glue and Glue Guns, Gum, Paste, etc.",37,0,0.0
Travel Management Services,3,0,0.0
"Transportation Systems, Intelligent (An automated information system which provides traffic management, communications, and analysis of data as a minimum)",3,0,0.0
Transportation Services (Not Otherwise Classified),3,0,0.0
Training Material Subscriptions,1,0,0.0
"Alarm Systems, Visual and Audio (For Electrically and Mechanically Operated Doors)",2,0,0.0
"Tool Boxes, Cabinets, and Chests (For Truck Tool Compartment Boxes See Class 065)",2,0,0.0
"Toilet Tissues, Paper Towels, and Toilet Seat Covers",81,0,0.0
"Tires and Tubes, Passenger Vehicles",6,0,0.0
"Aluminum: Bars, Plates, Posts, Rods, Sheets, Siding, Strips, Structural Shapes, Tubes, etc.",24,0,0.0
"Anatomical Braces and Supports: Arm Slings, Back Supports, Torso Supports, Neck Braces, Trusses, etc.",2,0,0.0
"Ties and Anchors, Cable and Wiring",5,0,0.0
"Tie-Downs, Straps, Protective Netting, etc.",4,0,0.0
"Threaded Rods, Studs, and Fittings",4,0,0.0
"Thinners (Reducers): Alcohols, Aromatic Solvents, Esters, Ketones, Mineral Spirits, Turpentine, V M and P Naphtha, etc.",5,0,0.0
Thermoset Plastics,2,0,0.0
Thermoplastic Plastics,1,0,0.0
"Thermometers, Clinical; Sheaths and Dispensers (Including Electronic)",2,0,0.0
Textile Processing Equipment (Not Otherwise Classified),1,0,0.0
"Testing and Monitoring Services for Air, Gas, and Water",4,0,0.0
"Bags, Paper: Regular Weight, Heavy Weight, Nail, etc.",34,0,0.0
"Structural Shapes, Steel: Angles, Channels, I-Beams, etc.",14,0,0.0
"Vests, Safety",11,0,0.0
Adapters,3,0,0.0
Sleeve Bearings and Parts,2,0,0.0
"Batteries, Computer and Peripheral, Environmentally Certified Products",1,0,0.0
"Batteries, Dry Cell (Except Communications Radio and Electronic)",33,0,0.0
"Battery Chargers, Computer and Peripheral",1,0,0.0
"Vent Pipes, Fittings, and Accessories",2,0,0.0
Bearing Assemblies (Including Hanger Bearings and Custom-Made Bearings),9,0,0.0
"Tubing, Plastic and PVC",2,0,0.0
"Bearings, Various Types (Not Otherwise Listed)",2,0,0.0
"Shoes, Dress, Women's and Girl's",2,0,0.0
"Shirts, Dress and Casual",200,0,0.0
Shipping and Postal Management Software,2,0,0.0
Shim Stock,2,0,0.0
"Ventilation Equipment and Systems (See 031-78, 79 for Roof Ventilators)",1,0,0.0
"Shears: Grass, Hedge, Lopping, Pruning, etc.",7,0,0.0
"Belts, Recycled",1,0,0.0
"Sharpeners: Lawn Mower, Saw, etc.",1,0,0.0
Bench and Counter Scales,1,0,0.0
"Sewing Accessories: Bound Buttonhole Makers, Palms, Seam Rippers, Sewing Baskets, etc.",6,0,0.0
"Servers, Mini/Mainframe Computer (Application, Database, File, Mail, Network, Web, etc.)",2,0,0.0
"Beverages, Thirst Quenching, w/Electrolyte",4,0,0.0
"Binder Sheets: Accounting, Columnar, Index, Journal, Ledger, etc.",1,0,0.0
"Screws, Wood",4,0,0.0
"Screws, Sheet Metal",7,0,0.0
"Screws, Machine",5,0,0.0
"Screws, Cap",8,0,0.0
Batteries and Hardware For Electronic Equipment (Including Recycled Types),7,0,0.0
"Snips: Metal, Tin, etc.",1,0,0.0
Stretch Film and Wrapping Equipment,2,0,0.0
"Soap, Hand: Bar, Liquid, and Powdered",40,0,0.0
"V-Belts, Automotive Fan and Generator",23,0,0.0
"Storage Bins, Aggregate",2,0,0.0
"Sterilizing, Sanitizing and Disinfecting Supplies: Biohazard Bags, Indicators, Sterilizing Tapes, Tubes, Wraps, etc.",2,0,0.0
"Sterilizing Equipment, Hospital and Research: Autoclaves and Sterilizers (Chemical, Dry Heat, Gas, Steam, etc.)",1,0,0.0
"Building Cables and Wires, Single and Multiconductor: Types NM, THWN, TW, THW, THHN, XHHW, RHW, RR, ROMEX, etc.",47,0,0.0
"Vacuum Cleaners, (Commercial, Wet or Dry), Parts, and Accessories",5,0,0.0
Ball Bearings and Parts,11,0,0.0
"Steel, Cold Rolled: Bars, Plates, Rods, Sheets, and Strips",3,0,0.0
"Ballasts, All Kinds",2,0,0.0
"Stands, Office Equipment and Machines",2,0,0.0
"Bandanas, Handkerchiefs, Ties, etc.",79,0,0.0
"Squeegees, Sponges, and Scrubbing Pads (For Manual Hard Surface Cleaning)",3,0,0.0
Sprinkler Heads and Systems,1,0,0.0
"Valves, Electro Pneumatic",1,0,0.0
"Valves, Iron Body: Angle, Check, Gate, Globe, etc.",2,0,0.0
"Valves, Solenoid Control",11,0,0.0
"Sprayers and Spray Systems, Industrial, Heavy Duty",1,0,0.0
"Sprayer Guns, Nozzles, Fittings, Reels, etc.",5,0,0.0
Bar Equipment and Accessories,1,0,0.0
"Spray Equipment, Crop, Machine Powered",2,0,0.0
"Bar Stock, All Kinds (Not Otherwise Classified)",1,0,0.0
"Spindle Centering Machine, Single",2,0,0.0
Bathroom Scales,1,0,0.0
Solid or Liquid Waste Disposal (Including Management Services) (See 926-45 for Hazardous Waste Disposal),19,0,0.0
Solid Wastes; Disposal Systems - Architectural Services,1,0,0.0
"Buckles, Belt and Clothing",70,0,0.0
"Diagnostic Equipment, Minor: Headlights, Penlights, Percussion Hammers, Specula, Tourniquets (Blood Pressure), Tuning Forks, etc.",1,0,0.0
"Polyethylene Bags, Self-Sealing, Reclosable",1,0,0.0
Hazardous Material (Chemicals) Containment/Storage,2,0,0.0
"Grinding and Polishing Implements: Burs, Cones, Cups, Discs, Wheels, etc.",1,0,0.0
"Containers, Plastic (All Purpose)",2,0,0.0
"Hammers, Mallets, Crow Bars, Pinch Bars, Pry Bars, Ripping Bars, Sledges, Wrecking Bars, All Types",9,0,0.0
Hand Tools (Not Otherwise Classified),5,0,0.0
"Handles, Grab",1,0,0.0
"Hangers, Garment, Including Compostable",1,0,0.0
Hazardous Material and Waste Services (Including Emergency Response and Nuclear Wastes),3,0,0.0
Connectors,5,0,0.0
"Hazardous Materials (Hazmat, Green Material, etc.), (Not Otherwise Classified)",3,0,0.0
"Head, Ear, Eye and Face Protection",26,0,0.0
Consulting Services (Not Otherwise Classified),2,0,0.0
"Heaters, Electric (Panel or Wall Type) and Parts",1,0,0.0
"Heaters, Electric (Portable) and Parts",1,0,0.0
"Heaters, Space, Steam",1,0,0.0
"Grinders and Buffers: Bench, Portable, and Stand",6,0,0.0
"Grease, Lubrication Type",12,0,0.0
"Control Devices, Lighting (Including Photocells, Multiple Relays, Lighting Contactors)",1,0,0.0
"Controls: Limit Switches, Relays, Thermostats, Gas Valves, etc.",6,0,0.0
"Convention Badges and Name Tags, Nonadhesive type",2,0,0.0
"Graphic Art Equipment: Cameras, Darkroom Sinks, Engraving Machines, Heliographic Equipment, Light Tables, Photoengravers, Processors, Waxers, etc.",2,0,0.0
Glue,1,0,0.0
"Gloves: Latex, Plastic, PVC, Poly, Synthetic, Vinyl, etc. (All Types)",15,0,0.0
"Gloves, Safety: Electrician's, Lineman's, etc. (Including Sleeves)",33,0,0.0
"Converters and Inverters, Power",1,0,0.0
Conveyor Accessories (Not Otherwise Classified),2,0,0.0
"Gloves, Cloth Type (All Types)",2,0,0.0
"Gloves and Finger Cots, Medical Type",38,0,0.0
"Glides, Furniture",1,0,0.0
Glass Tinting Film and Supplies (Including Glazing Compounds),1,0,0.0
"Gauges: Altitude, Pressure, Profile, Temperature, Liquid Level, etc.",1,0,0.0
"Gasoline, Compressed Natural Gas (CNG), Liquefied Petroleum Gas (LPG), and Diesel Fuel Pumps, Service Station Type",21,0,0.0
"Heels, Soles, and Strips, Polyethylene or Other Elastomer",1,0,0.0
"Conduit and Fittings, Aluminum",16,0,0.0
Polycarbonate Sheets,1,0,0.0
"Key stock, All Sizes",2,0,0.0
"Iron: Angles, Bands, Plate, Sheets, etc.",2,0,0.0
"Components, Manufacturing (Stamped, Formed, Welded)",1,0,0.0
Communications/Telecommunications Cable and Wire,2,0,0.0
"Jars, Glass; and Lids",6,0,0.0
Jewelers' and Watchmakers' Tools and Accessories,1,0,0.0
"Joint Sealants: Asphalt, Elastomeric Materials, Glass Filament, Impervious Membranes, Plastic, Rubber, Silicones, Water Stops, etc.",1,0,0.0
"Knives, Utility and Pen (All Types) and Accessories",5,0,0.0
"Conduit Fittings, Steel: Boxes, Bushings, Clamps, Connectors, Covers, Locknuts, Straps, etc.",3,0,0.0
LAUNDRY TEXTILES AND SUPPLIES,2,0,0.0
Coil Stock,40,0,0.0
"LUGGAGE, BRIEF CASES, PURSES AND RELATED ITEMS",2,0,0.0
"Lacquer and Shellac, Clear and Colored",58,0,0.0
"Ladders, Metal, All Types (See Class 340 for Fire Ladders)",1,0,0.0
"Coffee, Whole Bean and Ground",2,0,0.0
"Intercom Systems, Household or Office",2,0,0.0
"Insulation, Interior",1,0,0.0
"Instruments and Devices (Endodontic, Orthodontic, Periodontal, and General Dental): Arches, Bands, Brackets, Curets, Files, Forceps, Mirrors, Points, Rasps, Reamers, Scalers (Hand), etc.",16,0,0.0
"Instrumentation Equipment, Parts and Accessories (Actuators, Analyzers, Regulators, Controllers, Transducers, etc.)",1,0,0.0
"Instructional Aids: Courses, Lesson Plans (Prepared), Programs, Ancillary Materials, Videos, etc. (See Class 715 for Textbooks)",1,0,0.0
"Compound, Pipe Joint and Tape",4,0,0.0
"Insecticide Spraying Equipment, Household",9,0,0.0
"Ink Refills (Not Ballpoint), Drawing and Writing",19,0,0.0
"Industrial Type Steam and High Pressure Water Cleaning Equipment, Accessories and Supplies",1,0,0.0
"Industrial Services Not Otherwise Classified (Electroplating, etc.)",246,0,0.0
"Industrial Equipment (Not Construction and Repair, or HVAC) Maintenance and Repair",1,0,0.0
"Indicating and Recording Instruments, Equipment and Accessories (Not Otherwise Classified)",3,0,0.0
"Imprinting Machine Systems Incl. Accessories and Supplies, Silk Screen",1,0,0.0
Ice Making and Dispensing Machines (Not Dry Ice),2,0,0.0
"Hubs, Increasers, Inserts, Joints",4,0,0.0
Hosiery and Socks,1,0,0.0
"Hose, Protective Line",1,0,0.0
"Gasoline, Automotive",2,0,0.0
"Conveyors and Hoists, Laundry Handling",1,0,0.0
"Gas, Natural (Incl. Compressed Natural Gas (CNG))",2,0,0.0
"Engines, Motors and Parts (Power Generation)",1,0,0.0
DENTAL EQUIPMENT AND SUPPLIES,65,0,0.0
Electrical Parts (Not Ignition) (Not Otherwise Classified),2,0,0.0
"Cutters and Knives: Bolt, Burrs, Glass, Nippers, Pinchers, etc.",2,0,0.0
Emergency Showers and Wash Stations,3,0,0.0
"Energy Computerized Control System (HVAC, Lighting, Utilities, etc) Installation, Maintenance and Repair Services",1,0,0.0
Crushing Machines,2,0,0.0
"Engraving, Etching, and Lithography Equipment and Supplies (Burins, etc.)",1,0,0.0
"Garbage/Trash Removal, Disposal and/or Treatment",102,0,0.0
"Envelopes, Plain, Special (Colored wove, White wove)",6,0,0.0
Cream Substitute and Other Non-Dairy Items,3,0,0.0
Evaporative Coolers,1,0,0.0
"Extractors, Pullers, and Inserters",1,0,0.0
"Extrusions (Cold, Impact, Profile)",1,0,0.0
"Eye Glasses Including Sunglasses  (Including Frames, Cases, Parts, etc.)",450,0,0.0
"Elbows, Steel",4,0,0.0
"EQUIPMENT MAINTENANCE AND REPAIR SERVICES FOR LAUNDRY, LAWN, PAINTING, PLUMBING, AND SPRAYING EQUIPMENT",5,0,0.0
"Darkroom Supplies: Enlarger Easels, Film Holders, Film Loaders, Lens Cleaner, Safelights and Filters, Thermometers, Timers, Trays, Water Filtering Elements, etc.",3,0,0.0
"Data Processing Furniture, Metal and Plastic (For Storage Cabinets See Item 87)",12,0,0.0
"Decals, All Other Types of Transfer (For Screen Printed see 255-28)",9,0,0.0
"Duct, Prefabricated (Flexible or Rigid): Glass Fiber, Plastic, etc.",5,0,0.0
Dental Services,26,0,0.0
"Drills, Hand, Portable, (Powered), Automatic",8,0,0.0
"Drills, Hand, Non-Powered: Braces, etc.",1,0,0.0
"Dresses, Skirts, Blouses",338,0,0.0
"Detergents, Synthetic",6,0,0.0
"Drawer Glides, Rollers, Tracks, etc.",3,0,0.0
"Drains, Grease Traps, etc.",1,0,0.0
"Dockboards and Ramps, All Types",1,0,0.0
"Dispensers: Cream, Juice, Milk, Pancake, Tea, etc.",3,0,0.0
"Dispensers, Lotion and Soap (Including Waterless Soap Dispenser)",1,0,0.0
"Dishwashing Compounds, Hand and Machine Type (Including Rinse Solutions)",1,0,0.0
Eyelet Machines and Eyelets,3,0,0.0
Eyelets and Grommets,4,0,0.0
Crating and Packing Services for Transportation (Including Material Handling Services),1,0,0.0
Filter Sets and In-Line Filters,2,0,0.0
"Garbage/Refuse Equipment (Dumpsters, etc.) Rental or Lease",19,0,0.0
"GASES, CONTAINERS, EQUIPMENT: LABORATORY, MEDICAL, AND WELDING",1,0,0.0
"Fuses, Fuse Blocks and Holders, Links, etc.",9,0,0.0
"Furniture, Special: Chairs, Stands, Stools, etc. (For Beds See Class 410)",1,0,0.0
Fur and Related Materials (Incl. Feathers),1,0,0.0
"Funnels and Spouts, All Types (Except Glass)",1,0,0.0
"Fuel Oil, Diesel (Use 405-02 for Biodiesel)",32,0,0.0
Floor Stripper and Cleaners,3,0,0.0
"Floor Polishes and Waxes, Floor Sealer, and Dust Mop Treating Compound",225,0,0.0
"Flag Accessories: Belts, Brackets, Covers, Crosses, Eagles, Holders, Sockets, Spears, Staffs, Stands, and Tassels",1,0,0.0
Firestop Systems (Includes Installation and Fireproofing),2,0,0.0
Fire and Safety Services,1,0,0.0
"Fire Alarm Systems, Power Sirens, and Controls",1,0,0.0
Filtering Equipment and Machinery,1,0,0.0
"Corrugated Boxes and Sheets (Including Fillers), Environmentally Certified Products",12,0,0.0
"Covers: Brief, Manuscript, Pressboard, Report, etc., Environmentally Certified Products",1,0,0.0
"Cosmetics and Skin Care: Colognes, Creams, Lipsticks, Lotions, Perfumes, Powders, Soaps w/Lotion, etc.",8,0,0.0
"Cotter Pins, Clevis Pins, Dowel Pins, Spring Pins, Taper Pins, and Woodruff Keys and Snaps",4,0,0.0
"Cotton and/or Rayon, Surgical (Dry or Impregnated With Germicide): Applicators, Balls, Padding, Swabs, etc.",2,0,0.0
"File Dividers, Labels, Tabs, etc., Environmentally Certified Products",1,0,0.0
"Ferrules, Flanges, Glands",2,0,0.0
"Feeders, All Kinds (Except Troughs)",1,0,0.0
"Counting Machines, Electronic (Not Ticometers, See Class 600): Tally, etc.",2,0,0.0
"Fans, Industrial Types: Attic, Exhaust, Forced Draft, etc. (Including Fan Blades and Fan Parts)",6,0,0.0
Fall Protection Equipment and Accessories (For the Climber's Protection from Falls (See 445-83 for Pole and Tree Climbing Equipment),2,0,0.0
"Fabrics, Non-woven",3,0,0.0
Couplings,5,0,0.0
Courier/Delivery Services (Including Air Courier Services),24,0,0.0
Fabric Products,1,0,0.0
FURNITURE: OFFICE,40,0,0.0
"Lamps, Miscellaneous (Not Otherwise Classified)",9,0,0.0
"Lamps: Fluorescent, Incandescent, Mercury Vapor, Quartz, and Sodium Vapor",15,0,0.0
"Lapidary Equipment, Jewelry Findings, and Supplies",10,0,0.0
"Cable Accessories: Clamps, Clasps, Clips, Closures, Reels, Splices, Wrappings, etc.",2,0,0.0
"Packing List Envelopes (Plastic and Paper), Self Adhesive, Environmentally Certified Products",1,0,0.0
"Dies, Forms, Molds, Patterns, etc., Dental",2,0,0.0
"Pads and Covers, Office Machine, All Types, Environmentally Certified Products",1,0,0.0
"Calculators, Electronic Display Type, Non-Programmable",3,0,0.0
"Cables: Printer, Disk, Network, etc.",1,0,0.0
"Cable, Fiber Optic w/Interconnecting Components and Accessories (See Class 280 for Other Communications Cable",1,0,0.0
"CRT Holders, Cases, Glare Screens, Locks, etc.",7,0,0.0
"Chain, All Types: Coil, Link, Machine, Sash, Tow, Weldless, etc.",1,0,0.0
Paint and Varnish,9,0,0.0
Paint and Varnish Removers (Includes Painted Graffiti Removers) (See 485-16 for Other Types of Graffiti Removers),3,0,0.0
"Paint, House and Trim",40,0,0.0
"Paint, Miscellaneous: Blockout, Bronzing Liquid, Environmentally Safe, Epoxy, Fluorescent, License Plate, Oil Paste, Reflective, Tint Base, Tree Pruning, USDA Approved, etc.",1,0,0.0
Pallet Storage Racks,2,0,0.0
"Pants, Slacks, Trousers, Shorts, Jeans, etc.",9,0,0.0
"Camping and Outdoor Equipment: Camp Stoves, Cots, Lanterns (See 450-32 for Battery Types), Mantles, Sleeping Bags, Stools, Tarpaulins and Tents",2,0,0.0
Package Tying Machines and Parts,3,0,0.0
"PLASTICS, RESINS, FIBERGLASS: CONSTRUCTION, FORMING, LAMINATING, AND MOLDING EQUIPMENT, ACCESSORIES, AND SUPPLIES",1,0,0.0
PIPE AND TUBING FITTINGS,51,0,0.0
"Card Holders, All Types (See Class 578 for Metal)",1,0,0.0
PERSONAL HYGIENE AND GROOMING EQUIPMENT AND SUPPLIES,4,0,0.0
Cargo Handling Equipment,3,0,0.0
"Optical Components: Blanks, Domes, Filters, Lenses, Mirrors, Prisms, etc. (See Class 490 for Microscopes)",2818,0,0.0
"Carts and Stands, Television",1,0,0.0
"Oil, Lubricating: Household, General Purpose, etc.",3,0,0.0
"Oil, Lubricating: Differential and Gear Lubricant",2,0,0.0
"Oil, Gear",4,0,0.0
"Oil, Cutting",2,0,0.0
"Oil, Compressor",3,0,0.0
"Oil, Chemical, and Hazardous Material Spill Absorbents, Cleaners, Neutralizers, and Pads (Including Microorganisms, Live; Peat Moss))",3,0,0.0
"Oil and Gas Machinery and Equipment (Drilling Rigs, etc.)",8,0,0.0
"Caulking Compounds, Bulk or Cartridge Type",2,0,0.0
COMPUTER ACCESSORIES AND SUPPLIES,5,0,0.0
"Paper Cutting, Drilling, Folding, Punching, Shredding, Trimming, etc.",3,0,0.0
"Paper Products: Cups, Doilies, Napkins, Plates, Straws, Facial Tissues (Other Than Hospital)",7,0,0.0
"Plastic Laminates: Decorative, High and Low Pressure Type Veneers (As Used for Desk Tops, Cabinetry, etc.)",1,0,0.0
"Polishes and Conditioners: Leather, Shoe, Boot, etc. (Incl. Dyes)",6,0,0.0
"Pointers, Projection Type, Hand-Held and Stationary (110V AC and Battery Powered)",1,0,0.0
"Pneumatics and Accessories (Valves, Cylinders, Filters, Regulators, Lubricators)",9,0,0.0
"Pneumatic Tool Accessories: Bits, Chisels, Points, Spades, Tampers, etc.",4,0,0.0
"Pneumatic Machines: Demolition Tools, Paving Breakers, Rock Cutters, Tampers, etc. (See 765-80 for Non-Pneumatic Tampers)",2,0,0.0
"Plywood, Hardwood Type (Except Decorative and Plastic Faced)",2,0,0.0
"Plumbing Fixtures and Parts: Lavatories, Showers, Sinks,Toilets (Water Closets), Toilet Seats (Including Hygienic Type), Tubs, etc.",3,0,0.0
"Plumbing Equipment, Accessories and Supplies (Not Otherwise Classified)",1,0,0.0
"Plugging Compounds, Chemically Resistant, Pre-Mixed or Dry (Temporarily Stops Leaks in Drums, Tanks, and Other Containers)",2,0,0.0
"Pliers, All Kinds (Except Stock Tagging)",12,0,0.0
"Plastic and Styrofoam Products: Cups, Forks, Plastic Coated Dishes, Plastic Food Wrap, Cooking Bags, Sandwich Bags, Spoons, Straws, Doilies, etc.",24,0,0.0
"Plastic Ware: Dishes, Pots and Pans, Trays, Non-Disposable Type (See 640-60 for Disposable Type)",4,0,0.0
"Plastic Sheets and Strips (Except Acetate, Acrylic, and Polycarbonate)",2,0,0.0
Plastic Rods and Tubes (Except Acrylic),1,0,0.0
Piston Pumps and Parts,1,0,0.0
"Paper Trimmers, Hand, Blade Type",2,0,0.0
"Pipe Hangers, Constant Support Type, for Power Plant Operations",1,0,0.0
"Picture Frames and Framing Supplies: Mat Cutters, Mats, Molding, Stretcher Strips, etc.",1,0,0.0
"Pick-up Tools, Magnetic",1,0,0.0
Photoelectric Control Devices,1,0,0.0
Bushings,1,0,0.0
Personal Distress Warning Devices,1,0,0.0
"Pens, Marker Type (Including Highlighter Types)",92,0,0.0
"Pens (General Writing Types): Ball Point, Nylon Tip, Plastic Tip, Roller Ball, etc.",81,0,0.0
"Pencils, Marking (Including Mechanical Types and Refills): `Grease` or `China` Types, etc.",1,0,0.0
"Pencils, Lead; Pencil Leads; Pencil Lengtheners; etc.",18,0,0.0
"Butane and Propane Tanks, Surface and Underground",1,0,0.0
"Buttons, All Kinds",4,0,0.0
CLOTHING ACCESSORIES (SEE CLASS 800 FOR SHOES AND BOOTS),256,0,0.0
"CLOTHING: ATHLETIC, CASUAL, DRESS, UNIFORM, WEATHER AND WORK RELATED",255,0,0.0
"Caulking Guns, Putty Knives, Scrapers, etc.",3,0,0.0
"Chains, Halters, Leaders, Nose Rings, Straps, Bits, etc.",3,0,0.0
"Laterals, Nipples",17,0,0.0
Mailboxes and Supports,1,0,0.0
Cloth (Yard Goods): Cotton,294,0,0.0
"MACHINERY AND HARDWARE, INDUSTRIAL",23,0,0.0
"Cleavers, Knives, Steels, Stones, and Sharpeners",1,0,0.0
Clearing and Grubbing Services,1,0,0.0
"Machine-made Parts (Metal, Non-Metal, Screw, etc.)",7,0,0.0
"Cleaners, Miscellaneous, Not Otherwise Listed)",1,0,0.0
"Cleaners for Keyboards, Monitors, Tapes, Diskettes, etc.",1,0,0.0
"Non-slip Floor Coverings: Mats, Rolls, Strips, etc.",5,0,0.0
"Maintenance and Repair Services, Building (Not Otherwise Classified)",1,0,0.0
"Cleaner, Sewer, Septic Tank, and Waste Pipe, Aerobic Bacteria and Fungi Type, Environmentally Certified Products",1,0,0.0
"Maintenance and Repair, Statues and Monuments",5,0,0.0
Manufacturing and Processing Equipment (Not Otherwise Classified),528,0,0.0
"Markers, Plaques, Placards and Tablets: Dedicational, Historical, Informational, etc.",1,0,0.0
"Marketing Services (Incl. Distribution, Research, Sales Promotions, etc.)",44,0,0.0
"Lubrication Equipment: Guns, Hoses, Fittings, Lubricators, Oil Pumps, etc. (Including Oil Filter Presses)",6,0,0.0
"Locks, Key Blanks, and Locksmith Tools  (Including Time Locks)",101,0,0.0
Cloth Cutting Machines,1,0,0.0
Lockout and Tagout Safety Kits and Supplies,1,0,0.0
Load Cell Scales,1,0,0.0
"Lights, Drop, and other Remote Work Lights (With Cords)",3,0,0.0
"Lights and Lens: Miniature, Automotive",29,0,0.0
"Lights and Accessories: Flashing, Light Bars, Revolving, and Warning (Including Strobe/Warning Lights)",3,0,0.0
"Lighting Fixtures, Outdoor: Floodlights, Spotlights, Yard Lights, and all other Weatherproof Fixtures (Except Streetlights) (Including Recycled Types)",1,0,0.0
Clothing (Apparel) and Accessory Manufacturing Services,3,0,0.0
"Clothing and Belts, Safety (Not Automotive)(See 345-79 for Reflective Type)",16,0,0.0
"Lifters and Stackers, Hydraulic and Powered",4,0,0.0
"Coats, Jackets, Parkas, Vests  (Cold Weather)",46,0,0.0
"Leather and Canvas Aprons and Tool Pouches, Carpenter's and Electrician's",1,0,0.0
"Laundry and Dry Cleaning Equipment, Commercial, Maintenance and Repair",3,0,0.0
"Lathe, Woodworking",1,0,0.0
"Latexes, Resins, Waxes, and Polymers (For Floor Finishes)",3,0,0.0
Masks,4,0,0.0
"Masks, Filters, and Parts: Dust and Gas",5,0,0.0
"Cleaner, Heavy Duty Degreaser, Including Oven Cleaners",3,0,0.0
"Clamps, Hose",4,0,0.0
"Needles and Awls, Shoe Machine",10,0,0.0
"Nameplates, Metal, Adhesive Back",5,0,0.0
NOTIONS AND RELATED SEWING ACCESSORIES AND SUPPLIES,4,0,0.0
"Murals, Photographic: Kiln Fired, Image Sublimation",47,0,0.0
"Multi-Function Office Machines (Combination of Fax-Copier-Scanner-Printer, etc.)",1,0,0.0
"Chisels, Drawknives, Planes, etc.",2,0,0.0
"Motors (AC, DC, Vector Duty, Washdown, Brake, Stainless) (Also See Class 285)",1,0,0.0
"Motor Maintenance and Repair, Vertical",3,0,0.0
"Chromatography Supplies: Developing Tanks, Columns, Packing, Septums, TLC Plates, etc.",1,0,0.0
"Mops, Heads, and Handles, Wet Types",2,0,0.0
"Mops, Heads, and Handles, Dry and Treated Types",1,0,0.0
"Monitors, Elevator and Escalator",2,0,0.0
"Circuit Breakers, Load Centers, Boxes, and Panelboards",6,0,0.0
"Monitors, Color and Monochrome (CGA, VGA, SVGA, etc.)",1,0,0.0
"Modular Panel Systems, (With Metal Connecting Mechanism)",835,0,0.0
"Matrix Materials, Dental",1,0,0.0
Mitre Boxes,2,0,0.0
Miscellaneous Dental Equipment and Supplies (Not Otherwise Classified),6,0,0.0
"Clamps: Bar, ""C"", Carriage, Hand, Spring, etc.; and Clamp Fixtures",2,0,0.0
Misc. Electrical Equipment and Supplies (Not Otherwise Classified),8,0,0.0
"Cleaner and Polish, Plastic, Environmentally Certified Products",1,0,0.0
"Cleaner, Hard Products, General Purpose, Liquid (Includes Graffiti Cleaners)",4,0,0.0
"Meters, Hand Held: Voltage, Amperage, Multi-Hand Held, Phase Indicators, etc.",3,0,0.0
Meter Reading Devices,1,0,0.0
"Metalworking Machines and Tools, (Not Itemized Herein), Portable and Stationary",3,0,0.0
Metallic Hose and Fittings,2,0,0.0
Mechanical Pump and Shaft Seals,4,0,0.0
Mechanical Engineering,1,0,0.0
"Measuring Equipment: Chains, Maps, Optical Tapes, Tapes, Wheels, etc. (Including Photogrammetry and Laser Equipment)",6,0,0.0
"Measuring Devices: Pattern Curves, Sewing Gauges, Tapes, Thread Counters, Yardsticks, etc.",1,0,0.0
"X-Ray Equipment, Dental (For Chemicals and Film See Class 898): Film Mounts, Film Processors, Intensifying Screens, X-Ray Machines and Accessories",8,0,0.0
